CLADE	FAMILY_ID	MIRBASE_IDS	SEQ	Sample1	Sample2	Sample3
primates	548	ggo-miR-548c,hsa-miR-548k,ppy-miR-548c,ptr-miR-548k	AAAAGTACTTGCGGATTTTG	2	1	0
primates	576	hsa-miR-576,mml-miR-576,ppy-miR-576,ptr-miR-576	AAGATGTGGAAAAATTGGAA	1	0	0
primates	1250	ggo-miR-1250,hsa-miR-1250,ppy-miR-1250,ptr-miR-1250	ACGGTGCTGGATGTGGCCTT	0	0	1
primates	550	hsa-miR-550a,mml-miR-550,ptr-miR-550	AGTGCCTGAGGGAGTAAGAG	0	0	1
primates	576	hsa-miR-576	ATTCTAATTTCTCCACGTCT	1	1	0
primates	548	hsa-miR-548o	CCAAAACTGCAGTTACTTTT	0	2	0
primates	1269	hsa-miR-1269b,ppy-miR-1269	CTGGACTGAGCCATGCTACT	5	3	0
primates	1226	hsa-miR-1226,mml-miR-1226,ppy-miR-1226,ptr-miR-1226	TCACCAGCCCTGTGTTCCCT	1	0	0
primates	550	hsa-miR-550a	TGTCTTACTCCCTCAGGCAC	1	2	0
primates	584	ggo-miR-584,hsa-miR-584,mml-miR-584,ppy-miR-584,ptr-miR-584	TTATGGTTTGCCTGGGACTG	0	0	5
primates	580	hsa-miR-580,ptr-miR-580	TTGAGAATGATGAATCATTA	0	1	0
